time,silhouette,modularity
0.10667681694030762,-0.06974519799227308,0.9080047256671302
0.04397010803222656,-0.06915797516371469,0.9084435771908217
0.05255317687988281,-0.06921391516321522,0.9085522512045515
0.04296541213989258,-0.0692826883475914,0.9085946078248404
0.04733705520629883,-0.0692826883475914,0.9085946078248403
