time,silhouette hops,silhouette coordinates,modularity
0.0870208740234375,0.14588043864373373,-0.02247926364828131,0.9086705070974436
0.04247093200683594,0.14781665783000147,-0.010012664555575358,0.9093953059047122
0.04138424396514893,0.14710466015501844,-0.00040304342145057996,0.9096367094791736
0.04104633331298828,0.14643101699849953,0.006589666188019575,0.9098042890853186
0.0419879640851702,0.1466646329764469,0.0041787896918283685,0.9098408874131664
0.0424428383509318,0.14511107011821184,0.004022678153746135,0.9098738806317376
0.04053983688354492,0.14635776044124646,0.0019844979327278025,0.9098016378476401
0.043450117111206055,0.14759273808295317,-0.009182864731537186,0.909351340559086
