time,silhouette hops,silhouette coordinates,modularity
0.09330263137817382,0.14795461182413164,-0.014165031647047558,0.9081321235913207
0.017531323432922363,0.1498964283248495,-0.011144564512155005,0.9085996478495376
0.01932368278503418,0.1482769695550704,-0.012443720448915447,0.9088830726906675
0.01692078113555908,0.14875786002237926,-0.010172768097363116,0.90899638576281
0.021797561645507814,0.14789818865480053,-0.005630155020926218,0.9090660955740322
0.01939051491873605,0.14894889592912133,0.001798028823487647,0.909326133492459
0.019953429698944092,0.14738329127099709,0.004332189630297204,0.9095627712962185
0.013374090194702148,0.15254995585423498,-0.014051013074009727,0.908909815926828
