time,silhouette,modularity
0.18897414207458496,-0.06513582196638389,0.5663640999381062
0.046344757080078125,-0.020698754659535235,0.8171462758057038
0.017057418823242188,-0.05720246900193994,0.8988311759889137
0.0043277740478515625,-0.06998398050396235,0.9072602649313042
0.0016562938690185547,-0.07024494655040311,0.9073044441256156
