time,silhouette hops,silhouette coordinates,modularity
4.063947653770446,0.3441037202136363,0.13961907031772539,0.5560075539132034
0.932457160949707,0.30432558927128733,0.02680628093509352,0.820545133348263
0.19146382808685303,0.2187428469251933,-0.08667894640785281,0.8971766918930351
0.057760000228881836,0.13922419741798234,-0.019821813940898853,0.9035359442702549
