time,silhouette hops,silhouette coordinates,modularity
0.30067739486694334,0.3453497938632719,0.1400498276299577,0.5599594217259433
0.09077918529510498,0.31335829223792294,0.04902057687661203,0.8169041213307453
0.029722189903259276,0.22229469744869865,-0.05395351574599917,0.8954992020527918
0.007825994491577148,0.1550943609580197,-0.05383589745965019,0.9060337260761644
0.003076314926147461,0.14804246859568423,-0.04905135491780674,0.9060856443247928
