time,silhouette hops,silhouette coordinates,modularity
4.6370255708694454,0.3441037202136363,0.13961907031772539,0.5560075539132034
0.513468599319458,0.2782831433379346,0.032737105143031735,0.7772997044611154
0.20100467205047606,0.21507233483715643,-0.09642878282827591,0.8726221970269592
0.0677140474319458,0.12546984467152053,-0.14004014918231375,0.9006344064260363
