time,silhouette hops,silhouette coordinates,modularity
0.3274635076522827,0.3445296075511103,0.1403152651173779,0.5616149459040642
0.08596632480621338,0.3109898900545997,0.0465054738200736,0.8174785116092618
0.028904151916503907,0.22086646985886849,-0.07072453500768008,0.8957936158002294
0.010233521461486816,0.14716394968794652,-0.04689166783456572,0.9061674689880524
0.004340124130249023,0.14478980902570687,-0.034408238293096076,0.9066116375676929
