time,silhouette hops,silhouette coordinates,modularity
0.1844240665435791,0.3451504082071223,0.1415612372413841,0.5609486492928273
0.05603475570678711,0.3102969050364377,0.046515729163325456,0.8185247978935513
0.017394399642944335,0.21772028427881723,-0.07215528621914954,0.8967218600403122
0.005865240097045898,0.14323338121252663,-0.06569429522550656,0.9060361172932823
0.002110004425048828,0.13881784080736562,-0.0523177971312107,0.9059014347432311
