time,silhouette,modularity
4.183638334274292,-0.06892312230583904,0.5560075539132034
0.43361377716064453,-0.03673376653641157,0.7772997044611154
0.1519172191619873,-0.056464843712657566,0.8726221970269591
0.06480836868286133,-0.07591135410348082,0.9006344064260363
