time,silhouette,modularity
0.1905231475830078,-0.06715772782086084,0.5601741282361196
0.04246807098388672,-0.022285873547919964,0.8189781328054765
0.012601852416992188,-0.05962922246835643,0.8964069581307603
0.004179716110229492,-0.07036225914033115,0.9062358811265705
0.0019383430480957031,-0.0706276923568574,0.9063176296467376
